buy_ccy,sell_ccy,buy_amount,sell_amount,date,tradeid
BTC,GBP,0.5436318959706004,1000.0,2017-07-13,00001
ETH,GBP,6.19463544570402,1000.0,2017-07-13,00002
LTC,GBP,28.01905295601009,1000.0,2017-07-13,00003
XRP,GBP,6662.225183211192,1000.0,2017-07-13,00004
EOS,GBP,763.3587786259542,1000.0,2017-07-13,00005
MIOTA,GBP,5948.83997620464,1000.0,2017-07-13,00006
USD,GBP,1293.9,1000.0,2017-07-13,00007
EUR,GBP,1135.2,1000.0,2017-07-13,00008
CAD,GBP,1646.2,1000.0,2017-07-13,00009
XRP,CAD,3089.8761824641238,740.3501225856963,2017-07-20,00010
CAD,LTC,401.77362893991403,7.1321796066721825,2017-07-20,00011
BTC,EUR,0.1349175787165535,330.65273826230015,2017-07-20,00012
GBP,ETH,505.2512013174105,3.0334486150180746,2017-08-02,00013
GBP,CAD,161.09490181333288,267.78805528430325,2017-08-02,00014
GBP,MIOTA,2073.6786275679337,2905.1255639786127,2017-08-15,00015
CAD,EUR,435.92138169064555,291.17180053604426,2017-08-15,00016
GBP,USD,285.80446668636415,367.8303486253506,2017-08-15,00017
BTC,XRP,0.07572051344180383,1996.166620195579,2017-08-15,00018
USD,XRP,390.3660381125501,2469.989535245654,2017-08-15,00019
GBP,MIOTA,935.7121061255964,1177.8853299667628,2017-08-17,00020
BTC,CAD,0.05911738627568259,323.29036746618857,2017-08-17,00021
XRP,MIOTA,4801.903411726404,745.9150063029182,2017-08-17,00022
LTC,USD,13.923000464444998,613.6746934460286,2017-08-17,00023
ETH,BTC,2.735829044415234,0.19186040979022548,2017-08-17,00024
BTC,MIOTA,0.06961186942365265,329.5983216118029,2017-08-25,00025
GBP,CAD,166.29305598573916,266.96687207950566,2017-09-01,00026
EUR,XRP,728.2741189270396,4113.126688448467,2017-09-12,00027
USD,GBP,3289.2410182101803,2476.0923051868267,2017-09-12,00028
BTC,MIOTA,0.044107153160225294,308.4645093210489,2017-09-23,00029
EOS,XRP,670.4436890488507,2146.600336763892,2017-09-23,00030
MIOTA,CAD,401.8726204516623,283.04758310761235,2017-09-27,00031
GBP,BTC,700.8002507180812,0.21780487410276148,2017-09-27,00032
EOS,LTC,1179.0090509403124,13.132647399707828,2017-09-27,00033
XRP,BTC,3461.850253114395,0.163522053038047,2017-09-29,00034
XRP,CAD,587.8856985334985,145.34533279123096,2017-09-29,00035
GBP,XRP,306.31300161645123,2069.6824433544,2017-09-29,00036
MIOTA,USD,4504.726312230799,1661.7984917808851,2017-11-01,00037
ETH,BTC,3.226398839556603,0.13834688464517791,2017-11-01,00038
EOS,EUR,430.2114596976838,613.4984058181172,2017-11-16,00039
LTC,ETH,10.916676455021628,2.347211096167824,2017-11-16,00040
ETH,BTC,1.2856731218733057,0.05407581111837967,2017-11-16,00041
LTC,XRP,7.591876534367965,2374.433902232752,2017-11-16,00042
XRP,USD,2678.2821717727197,612.0876440032906,2017-11-16,00043
USD,LTC,695.1863272260873,9.725971480966896,2017-11-16,00044
LTC,XRP,5.012954535944118,2305.760684639732,2017-12-07,00045
ETH,GBP,2.7375218868653954,1431.4501946419152,2017-12-16,00046
GBP,BTC,773.9794126200487,0.07374540509314642,2018-01-13,00047
USD,EUR,165.14657929794626,134.68671576325656,2018-01-16,00048
EUR,LTC,2531.165956358612,16.53045331824325,2018-01-16,00049
ETH,CAD,0.13844222549785415,179.63673748982276,2018-01-18,00050
ETH,BTC,0.43268520032009655,0.039153762186523326,2018-01-18,00051
BTC,EOS,1.3752966829341136,1486.0820873386426,2018-01-18,00052
CAD,GBP,1096.12291264063,635.3599076284662,2018-01-18,00053
ETH,CAD,0.31860255435214396,413.4051097049879,2018-01-18,00054
USD,GBP,1037.4768510974332,746.7622911519709,2018-01-18,00055
CAD,GBP,777.1893394330782,450.492313606004,2018-01-18,00056
ETH,MIOTA,6.025374960673859,2197.7715884684885,2018-01-18,00057
XRP,CAD,363.82259780128817,730.6040920259746,2018-01-18,00058
LTC,XRP,10.475387261941695,1551.402527757853,2018-02-10,00059
MIOTA,GBP,194.0936639716532,265.9083196411649,2018-02-10,00060
GBP,USD,1153.7014750766843,1614.7205845173273,2018-02-20,00061
CAD,GBP,816.9513809043528,461.50230533518976,2018-02-20,00062
MIOTA,EUR,966.7915513023297,1500.1921062865745,2018-02-20,00063
MIOTA,BTC,3734.4526010123373,0.6319808748224667,2018-02-20,00064
GBP,MIOTA,4176.517538837263,3053.0098968108646,2018-02-20,00065
MIOTA,ETH,3400.4247812656236,7.306424208414679,2018-02-20,00066
MIOTA,EOS,3007.358812217736,640.7205817028287,2018-02-20,00067
EOS,GBP,209.7572303967584,1346.8511763775857,2018-02-20,00068
GBP,USD,606.9339699829598,847.0370485082186,2018-02-22,00069
EUR,LTC,2575.110065286538,14.646760353503295,2018-02-27,00070
ETH,EUR,2.104921938215517,1501.0754040806542,2018-02-27,00071
GBP,ETH,2801.236679212713,4.466257460479453,2018-02-27,00072
BTC,XRP,0.09381104840898961,1070.3200811349734,2018-02-27,00073
LTC,BTC,17.874600760735607,0.36232979635389767,2018-02-27,00074
EOS,MIOTA,681.6078980286736,2933.8344310936445,2018-03-04,00075
MIOTA,EOS,3885.4916262479956,876.570435136991,2018-03-08,00076
GBP,EUR,753.8395234429914,845.732561350692,2018-03-08,00077
CAD,USD,543.981887935221,421.8211226230223,2018-03-08,00078
USD,EUR,697.7960778588574,566.7951200042369,2018-03-08,00079
BTC,LTC,0.2119724353789301,11.23368911878136,2018-03-08,00080
LTC,BTC,16.557951296628683,0.312437813092414,2018-03-08,00081
LTC,XRP,3.1908815660398218,694.8266159640557,2018-03-08,00082
MIOTA,EUR,518.0938225259237,562.0784441387834,2018-03-12,00083
EUR,MIOTA,5852.468434722953,5394.492128592033,2018-03-12,00084
CAD,GBP,5369.700835139567,2944.0763392398526,2018-03-22,00085
USD,EOS,1317.4337184552892,224.29216741970302,2018-03-27,00086
MIOTA,CAD,1946.2935526183599,2958.9883911028082,2018-03-27,00087
ETH,CAD,3.846969732269517,2251.818385496034,2018-03-27,00088
GBP,ETH,1352.0711496497463,4.212715842498041,2018-03-27,00089
MIOTA,USD,831.3563908696283,981.106555793125,2018-03-27,00090
XRP,GBP,2421.1170908503823,1592.6108223613817,2018-04-24,00091
LTC,XRP,4.115099931031423,735.2503722926773,2018-04-24,00092
EUR,BTC,1470.0222716393068,0.1868755170599484,2018-04-24,00093
ETH,BTC,0.8277612090505481,0.06027771459769588,2018-04-24,00094
MIOTA,CAD,323.49731751811794,909.0333498770902,2018-05-02,00095
MIOTA,XRP,303.8594164636759,795.3034922435846,2018-05-02,00096
MIOTA,GBP,997.756850287179,1602.3975015612095,2018-05-02,00097
LTC,MIOTA,51.53896221010926,3554.776366135618,2018-05-02,00098
EUR,XRP,351.58472900856094,538.795330361107,2018-05-09,00099
CAD,GBP,1808.2137960902653,1038.487133063557,2018-05-09,00100
EUR,LTC,5976.921501341304,46.48148864083343,2018-05-09,00101
MIOTA,EUR,1965.5617122386454,3819.951254033073,2018-05-09,00102
LTC,BTC,3.7772472695791524,0.06281402834758311,2018-05-13,00103
EOS,GBP,167.96838712859338,1372.301722840608,2018-06-10,00104
LTC,EOS,21.96327409043354,223.85228617294086,2018-06-27,00105
EUR,EOS,1326.36412325501,191.9057013848301,2018-06-27,00106
XRP,GBP,1551.799997295395,562.3723190198511,2018-06-27,00107
MIOTA,USD,737.9451769889059,731.5566380026775,2018-06-27,00108
XRP,EOS,3369.041782657801,187.29766660463213,2018-07-06,00109
BTC,ETH,0.21793407786103275,3.0634793372863287,2018-07-06,00110
ETH,MIOTA,12.464235436166486,5526.11039929343,2018-07-06,00111
XRP,LTC,4676.175633737756,24.8821388560178,2018-07-25,00112
USD,GBP,383.47961418338576,290.7571568605548,2018-07-25,00113
BTC,XRP,0.12469522767422185,2219.15388223054,2018-07-25,00114
EUR,ETH,3134.5175821264515,7.826912813290938,2018-07-25,00115
XRP,EUR,15141.080493374888,5897.856633126741,2018-07-25,00116
GBP,BTC,919.0853806651126,0.1490872104570522,2018-07-25,00117
EOS,XRP,451.754901499529,7578.725444561097,2018-08-08,00118
LTC,XRP,26.199371956111808,4906.685625332884,2018-08-08,00119
MIOTA,LTC,2021.0660039568834,17.459790769408816,2018-08-22,00120
BTC,USD,0.06428522488489943,411.1620513828033,2018-08-22,00121
EOS,MIOTA,200.9286624446764,1988.722958481513,2018-08-22,00122
ETH,XRP,4.380728154160099,3776.099169327336,2018-08-26,00123
GBP,EOS,1183.5073563542153,307.08545831712905,2018-08-26,00124
EOS,MIOTA,171.970571922891,1501.1428626845745,2018-09-06,00125
LTC,USD,5.273673088777342,303.9635686917937,2018-09-06,00126
EOS,EUR,929.3291621535877,4204.5064957892555,2018-09-06,00127
EUR,EOS,2952.109267135128,675.1733995037769,2018-09-18,00128
EOS,CAD,244.93913540607213,1621.0356110570922,2018-09-18,00129
ETH,EUR,13.099196234725968,2335.5620359643262,2018-09-18,00130
LTC,GBP,24.636839316504297,1144.8739230379547,2018-09-21,00131
XRP,BTC,2182.733902377658,0.18376677808024414,2018-09-21,00132
BTC,MIOTA,0.13131144843180395,1406.8238524898143,2018-09-21,00133
GBP,BTC,595.391253595816,0.11539283437489772,2018-09-21,00134
MIOTA,XRP,2309.08047616419,2559.975039872638,2018-09-21,00135
EUR,LTC,1295.5319192900904,25.075288742240968,2018-10-02,00136
XRP,LTC,2048.0224501016596,17.824968072344443,2018-10-02,00137
EUR,XRP,1037.498026799538,2307.2308860224616,2018-10-02,00138
ETH,LTC,3.3095469333517067,12.843409273950884,2018-10-07,00139
ETH,MIOTA,3.5960036360758556,1425.8437174033427,2018-10-07,00140
GBP,CAD,455.86215848808797,778.3390494025614,2018-10-17,00141
GBP,EUR,1515.031327449506,1727.590222690672,2018-10-17,00142
EOS,USD,57.2553786494116,295.1384799667633,2018-10-29,00143
BTC,EUR,0.4314680564312136,2399.8935199449843,2018-10-29,00144
MIOTA,LTC,1853.4898444636128,16.85034397698536,2018-10-29,00145
GBP,CAD,240.7163491622898,404.40346659264685,2018-10-29,00146
BTC,MIOTA,0.10105970454878066,1373.1765331525517,2018-10-31,00147
BTC,EOS,0.44240702630642653,531.5615900765118,2018-11-03,00148
MIOTA,ETH,3454.49781366454,8.14032805332512,2018-11-03,00149
LTC,EOS,34.705794533311355,332.8308291752574,2018-11-03,00150
MIOTA,EOS,2015.047511179855,178.86158400417278,2018-11-03,00151
MIOTA,BTC,6971.0178586232805,0.5149871603523443,2018-11-03,00152
XRP,BTC,3518.6490929513816,0.2570465208359111,2018-11-03,00153
EOS,MIOTA,676.867962871199,7625.567623001529,2018-11-03,00154
LTC,EOS,47.0722262468902,451.4257144535383,2018-11-03,00155
LTC,MIOTA,31.5420424372045,3433.8351704705437,2018-11-04,00156
BTC,LTC,0.4747170403309115,56.207083645600086,2018-11-04,00157
MIOTA,BTC,4781.560481265132,0.3709571872408753,2018-11-04,00158
BTC,XRP,0.17579585735305614,2411.8417836894973,2018-11-04,00159
GBP,XRP,1314.515663633673,3616.2741778092795,2018-11-04,00160
GBP,EOS,853.1275402895554,198.8178840106165,2018-11-04,00161
XRP,BTC,4667.041424694816,0.34017428261873034,2018-11-04,00162
MIOTA,LTC,2132.028791942214,20.040320872765044,2018-11-11,00163
XRP,LTC,2170.1550304574052,21.450791371137626,2018-11-11,00164
ETH,MIOTA,9.987409736490939,4360.350423972541,2018-11-11,00165
LTC,EOS,8.855480643045325,83.20431541176171,2018-11-11,00166
BTC,EOS,0.053871931149921476,62.8876283271191,2018-11-11,00167
XRP,BTC,2245.069156428754,0.1872677966894013,2018-11-14,00168
MIOTA,EOS,768.625778471074,70.73462985984486,2018-11-14,00169
GBP,XRP,2318.781586903369,6277.1564344974795,2018-11-14,00170
CAD,EUR,1835.1156026001624,1226.0065924115388,2018-11-14,00171
EOS,USD,24.25705229449842,115.04659019287004,2018-11-14,00172
EOS,XRP,350.79956190910184,3466.211155842506,2018-11-14,00173
CAD,EUR,815.1642351838123,540.4882826357626,2018-11-19,00174
BTC,EUR,0.09720615884423532,408.2990766578959,2018-11-19,00175
USD,CAD,632.2646554386297,844.0520813101707,2018-12-13,00176
GBP,BTC,315.140144204739,0.12038220365903783,2018-12-13,00177
XRP,CAD,2710.4574283281154,1082.0287539763597,2018-12-13,00178
XRP,MIOTA,2990.0406326050165,3812.9264668706865,2018-12-16,00179
MIOTA,LTC,1042.859093062793,9.194165383338474,2018-12-16,00180
BTC,ETH,0.41083188205849197,15.662556891977435,2018-12-16,00181
EOS,ETH,309.87415821330086,7.813266722473547,2018-12-19,00182
BTC,MIOTA,0.13599985727178196,1771.3033203473403,2018-12-19,00183
USD,EOS,670.7555457596637,266.02504392784317,2018-12-19,00184
LTC,EUR,19.733627007515498,571.9604318671796,2018-12-28,00185
EOS,LTC,179.9244297753739,14.752424510318015,2018-12-28,00186
BTC,EOS,0.1448539237463232,210.5932371773648,2018-12-28,00187
CAD,LTC,447.6888393938889,9.900622854575065,2018-12-28,00188
XRP,BTC,3884.6251359857156,0.38116750994384113,2018-12-29,00189
ETH,GBP,38.207795487990694,4127.206068612754,2018-12-29,00190
ETH,LTC,2.7932762643011664,12.122527202483406,2018-12-29,00191
XRP,LTC,621.5980673226559,7.334807246792448,2018-12-29,00192
LTC,EOS,10.791462861751464,127.90452887094948,2018-12-29,00193
MIOTA,LTC,476.1882085834934,5.641579235136384,2018-12-31,00194
XRP,CAD,1216.4908560230897,591.9372610798764,2018-12-31,00195
XRP,BTC,1784.9977501207027,0.16940795243773069,2018-12-31,00196
MIOTA,CAD,699.1622376266129,345.5600759774012,2018-12-31,00197
LTC,XRP,72.90980312879967,6500.146199166604,2019-01-04,00198
BTC,ETH,0.7945021049320939,19.80759526919898,2019-01-04,00199
GBP,MIOTA,334.29982703435945,1126.7267510426675,2019-01-05,00200
EOS,LTC,356.0119731592878,27.508850231508365,2019-01-05,00201
CAD,XRP,2179.589954856751,4980.42520006396,2019-01-15,00202
XRP,LTC,2122.410832841892,20.181815483775775,2019-01-26,00203
EOS,ETH,485.979181656792,10.165778901685496,2019-01-26,00204
LTC,XRP,30.210472327767917,3177.06966379067,2019-01-26,00205
MIOTA,EOS,3268.171070896266,363.9554147134478,2019-01-29,00206
USD,BTC,1319.6222370360395,0.3808858006721483,2019-02-01,00207
XRP,EUR,1080.216877028621,291.20376388816106,2019-02-01,00208
EOS,GBP,1078.1214634892801,2005.3059220900611,2019-02-05,00209
EOS,LTC,375.29535725999136,26.592356742993676,2019-02-05,00210
EUR,USD,1072.8503294120383,1224.411725154374,2019-02-05,00211
XRP,EOS,5989.126090944599,740.9128567345979,2019-02-05,00212
CAD,MIOTA,643.6855793719733,1909.1836977863063,2019-02-05,00213
MIOTA,EUR,2580.0918382896366,580.7760927071589,2019-02-05,00214
XRP,LTC,1797.165960214459,15.753443331251315,2019-02-05,00215
XRP,BTC,3276.4785910954647,0.282196803858324,2019-02-07,00216
USD,ETH,831.0210677242607,8.022589530715228,2019-02-07,00217
EOS,GBP,603.7879430932173,1098.8940564296556,2019-02-07,00218
XRP,GBP,3238.3001094303613,726.0268845342871,2019-02-07,00219
CAD,ETH,1263.032834812376,7.858968954297942,2019-02-13,00220
EUR,XRP,2539.1269960377394,9480.143009850266,2019-02-13,00221
USD,BTC,442.9872626478917,0.12332460080816711,2019-02-13,00222
LTC,EUR,22.334939621156884,822.1578157462976,2019-02-13,00223
CAD,BTC,603.745965299744,0.12683173867296701,2019-02-13,00224
ETH,GBP,7.768974788083764,733.546599490869,2019-02-13,00225
CAD,USD,1166.874324592933,880.5201706757317,2019-02-13,00226
ETH,XRP,9.444964217697986,4122.156552011607,2019-03-07,00227
LTC,EOS,58.57982927668888,866.9015008318191,2019-03-07,00228
CAD,XRP,1285.8748383063942,3052.7692815422342,2019-03-07,00229
GBP,LTC,2139.8966996881254,49.35186115516894,2019-03-07,00230
XRP,EOS,6598.834809443933,558.3629454144867,2019-03-10,00231
EOS,XRP,250.37862205390172,3501.503897299721,2019-03-29,00232
CAD,USD,956.3348883740192,716.6599534419372,2019-03-29,00233
GBP,EUR,758.6849606462192,881.4401872787774,2019-03-29,00234
MIOTA,GBP,6141.915272104049,1710.5234032809778,2019-04-07,00235
LTC,ETH,14.486141576192875,7.1934716729139785,2019-04-10,00236
XRP,EOS,4801.682054121748,291.0077711276028,2019-04-10,00237
ETH,EOS,6.479065965524301,216.02877366325131,2019-04-28,00238
BTC,EOS,0.11717810973212502,131.42020697490668,2019-04-28,00239
LTC,MIOTA,16.38917616802632,4044.7451035496183,2019-04-28,00240
MIOTA,ETH,4473.747841435051,8.009571842569242,2019-04-28,00241
BTC,EOS,0.07205458104776218,80.81226072373651,2019-04-28,00242
EOS,LTC,439.07955311174084,29.80383711104925,2019-04-28,00243
LTC,BTC,9.483921847634871,0.12130528228025196,2019-05-25,00244
LTC,GBP,7.922531406445306,643.3095502033589,2019-05-25,00245
EOS,GBP,52.055351747690445,331.6967013362835,2019-05-28,00246
USD,CAD,2081.444927690751,2807.943568275825,2019-05-28,00247
BTC,LTC,0.5019441250497112,38.110715351583764,2019-05-28,00248
ETH,MIOTA,5.609841897182977,3216.050124154165,2019-05-28,00249
XRP,EOS,2430.9663608965725,157.33615271864622,2019-06-04,00250
XRP,ETH,5746.28132201022,9.509477577915478,2019-06-04,00251
GBP,BTC,1894.4513158716989,0.31350450880080805,2019-06-04,00252
MIOTA,ETH,1972.6111718150603,3.484932537300858,2019-06-04,00253
MIOTA,USD,3724.9649903429217,1584.760131387864,2019-06-04,00254
MIOTA,EUR,1261.4757267400482,477.04010234052106,2019-06-04,00255
GBP,CAD,817.7492594539957,1391.1550401831375,2019-06-05,00256
EUR,CAD,1188.3412569511072,1768.9765186434508,2019-06-27,00257
XRP,GBP,4288.184221368793,1367.5019481945083,2019-06-27,00258
CAD,LTC,2079.510665184649,15.137908773195727,2019-07-12,00259
ETH,EOS,3.9128818792727933,223.963959679943,2019-07-12,00260
GBP,CAD,672.6131639782741,1101.8076239128106,2019-07-12,00261
XRP,CAD,2554.92263234554,1146.7499413483927,2019-07-12,00262
EUR,BTC,1760.790282388491,0.18226264599415465,2019-07-15,00263
BTC,USD,0.04626905650174253,503.11826779054496,2019-07-15,00264
EOS,GBP,348.94620067991355,940.061064631687,2019-09-01,00265
BTC,XRP,0.26088049345682496,9978.802867353523,2019-09-01,00266
XRP,LTC,1465.6983021833591,5.6802896072827185,2019-09-01,00267
BTC,LTC,0.03930884189220464,5.827106809067484,2019-09-01,00268
XRP,EOS,3668.690469819695,266.8710987143129,2019-09-07,00269
EOS,XRP,317.0675434099998,4358.743529746717,2019-09-07,00270
BTC,LTC,0.0222133312501589,3.369120579565012,2019-09-07,00271
EOS,BTC,602.6923441434446,0.2056739122298785,2019-09-07,00272
LTC,EOS,16.938890656500874,327.26425202467186,2019-09-07,00273
LTC,XRP,27.30328535054487,7251.670125194267,2019-09-07,00274
EOS,BTC,471.54333823236936,0.16091819334128687,2019-09-07,00275
EOS,LTC,233.3875169678427,12.52840841215732,2019-09-08,00276
BTC,GBP,0.11487632052757986,973.9363793544906,2019-09-08,00277
BTC,GBP,0.039030178562421816,330.90292777542527,2019-09-08,00278
GBP,ETH,638.0046052700383,4.314923611998094,2019-09-08,00279
ETH,BTC,12.214596193362427,0.2130245930589138,2019-09-08,00280
LTC,XRP,8.446210427517155,2250.879656801985,2019-09-08,00281
GBP,ETH,629.9456749136422,4.260419822221305,2019-09-08,00282
EOS,MIOTA,313.70445915991223,4297.376358201699,2019-09-21,00283
LTC,MIOTA,25.15782358663379,6321.654476334173,2019-09-21,00284
ETH,GBP,2.841919296720655,490.11740191244417,2019-09-21,00285
BTC,EOS,0.30368865194259276,876.9880078884493,2019-09-29,00286
BTC,ETH,0.1161728214820507,5.521454470018139,2019-09-29,00287
EOS,ETH,337.0490317767589,5.5472399375184684,2019-09-29,00288
EUR,ETH,600.1241885698454,3.6536519480625507,2019-10-11,00289
EOS,LTC,324.78866411895194,17.76828074650753,2019-10-11,00290
EUR,LTC,569.7416405535911,11.20211168169986,2019-10-11,00291
EUR,MIOTA,404.36170053395193,1643.3900142568727,2019-10-11,00292
GBP,ETH,216.00447727258455,1.506412422571899,2019-10-11,00293
USD,BTC,2485.988129419069,0.2995344979275204,2019-10-11,00294
XRP,EOS,4940.952236666659,430.2228892774798,2019-10-11,00295
BTC,EOS,0.21113468775635497,559.1604968619646,2019-10-14,00296
MIOTA,EOS,4051.7173513333305,355.95732684354147,2019-10-14,00297
LTC,GBP,10.033569947051626,453.5173616067335,2019-10-14,00298
ETH,LTC,5.924642317117902,19.076690444207777,2019-10-22,00299
USD,LTC,705.5655958855622,13.230505315291456,2019-10-22,00300
GBP,EUR,1907.7437262788642,2207.450265677274,2019-10-22,00301
CAD,GBP,1337.001271177145,793.4254769314255,2019-10-22,00302
BTC,ETH,0.06145529723078064,3.0347529344905473,2019-10-29,00303
ETH,EUR,5.238818046727765,903.5347836587904,2019-10-29,00304
USD,ETH,1027.9209018183176,5.364254806672058,2019-10-29,00305
ETH,XRP,7.50164348599591,4848.240139174143,2019-11-01,00306
ETH,LTC,2.0261112133084476,6.325705073236435,2019-11-03,00307
LTC,MIOTA,20.58390995903848,4831.994240261226,2019-11-12,00308
XRP,CAD,4228.055856220256,1514.6313321303962,2019-11-12,00309
MIOTA,USD,6811.110299778796,1775.0077650073813,2019-11-12,00310
USD,LTC,629.4969904531647,13.318174951792308,2019-11-26,00311
CAD,USD,1890.493245297259,1424.7083123864586,2019-11-26,00312
EOS,ETH,414.41284180052145,7.671854139194779,2019-12-07,00313
BTC,ETH,0.04026503179830606,2.0511166954343754,2019-12-07,00314
MIOTA,GBP,3813.9434809980366,594.9751830356937,2019-12-07,00315
LTC,GBP,22.14962178946374,764.6049441722884,2019-12-07,00316
MIOTA,XRP,5146.296682198451,4611.271007598842,2019-12-07,00317
GBP,ETH,194.10430533081373,1.8150767283599563,2019-12-15,00318
BTC,GBP,0.07287209467509972,389.4532504559225,2019-12-15,00319
XRP,USD,4494.508283924449,924.369653140499,2019-12-16,00320
ETH,XRP,4.995039999617326,3245.9666932056334,2019-12-16,00321
MIOTA,XRP,4828.615474479011,4032.1771733054543,2019-12-31,00322
EUR,MIOTA,1493.57762832671,10429.756453764818,2019-12-31,00323
EUR,CAD,1553.9505760108525,2261.6644420605776,2019-12-31,00324
MIOTA,GBP,1640.21619592716,198.46615970718636,2019-12-31,00325
GBP,EUR,1137.7224068419619,1346.4944684974619,2019-12-31,00326
GBP,ETH,393.86648542904476,4.024384238572032,2019-12-31,00327
BTC,ETH,0.03158841735403328,1.646968612149328,2020-01-19,00328
BTC,XRP,0.05118402965155162,1897.7080242970085,2020-01-19,00329
GBP,ETH,211.7550144096919,1.6461055224634011,2020-01-19,00330
BTC,ETH,0.007701001269435422,0.40151765853704086,2020-01-19,00331
MIOTA,USD,2526.827649750791,592.1394698799091,2020-01-23,00332
EUR,EOS,1375.472670729325,427.5223138847973,2020-01-23,00333
LTC,BTC,27.489199263170384,0.17954260877385822,2020-01-26,00334
EOS,GBP,336.14565080318755,938.8548026933029,2020-01-26,00335
ETH,XRP,0.6333038218111068,459.4760477950825,2020-01-26,00336
LTC,ETH,1.8154606067014107,0.6084032510278057,2020-01-26,00337
USD,LTC,1237.3227856468868,17.81330966821046,2020-02-03,00338
XRP,BTC,6284.454347902763,0.18394235869421222,2020-02-18,00339
CAD,USD,1450.0392742595502,1093.643465283951,2020-02-20,00340
GBP,LTC,1530.2972727504036,28.29168557497511,2020-02-20,00341
BTC,MIOTA,0.15515449563535913,5650.966707351122,2020-02-20,00342
XRP,MIOTA,3896.6786628720442,4171.373463438351,2020-03-02,00343
EOS,XRP,362.89451176155023,5621.685028191408,2020-03-02,00344
XRP,LTC,3555.468973900786,13.887052640230616,2020-03-02,00345
LTC,GBP,44.83793604504592,1422.707710709307,2020-04-01,00346
USD,XRP,395.21606391944505,2250.463079552943,2020-04-01,00347
BTC,XRP,0.04756879448768743,1803.366857014441,2020-04-01,00348
USD,EOS,1009.7821513918266,447.32436621807034,2020-04-01,00349
XRP,BTC,8274.972948586186,0.21678132025036842,2020-04-02,00350
BTC,MIOTA,0.08794596913927978,3797.989895657767,2020-04-11,00351
CAD,MIOTA,524.9904489666397,2470.270803854105,2020-04-20,00352
MIOTA,CAD,8162.050522078974,1904.5916355856666,2020-04-24,00353
CAD,USD,873.3591401669706,619.3137893603741,2020-04-24,00354
BTC,EOS,0.061204715240736424,169.83540277721008,2020-04-24,00355
EUR,GBP,418.1339843733494,365.82150863810097,2020-04-24,00356
GBP,BTC,1517.9361031190435,0.2496708093456217,2020-04-24,00357
CAD,BTC,1798.7769368271233,0.13970889345711268,2020-05-22,00358
XRP,EUR,10708.725002301551,1966.142471174569,2020-05-22,00359
XRP,ETH,676.5944062267189,0.650937034080481,2020-05-22,00360
EOS,LTC,210.42888584339934,12.341163212777179,2020-05-27,00361
LTC,EUR,49.63928062640838,1977.877484034206,2020-05-27,00362
LTC,EUR,20.70751985719617,825.0912736626204,2020-05-27,00363
LTC,XRP,56.005422752123486,12626.80115885269,2020-05-31,00364
EOS,BTC,263.0352047354026,0.07439786788925867,2020-05-31,00365
BTC,LTC,0.4204305856955787,80.41211586364543,2020-07-05,00366
GBP,LTC,869.9864960883375,22.804364248711337,2020-07-05,00367
MIOTA,XRP,2562.522458582643,2704.88481739279,2020-08-01,00368
GBP,ETH,70.45579408769801,0.23651614383731584,2020-08-01,00369
MIOTA,XRP,2980.3824690054794,3145.9592728391167,2020-08-01,00370
BTC,EOS,0.08381087554457228,299.90490077747415,2020-08-01,00371
BTC,XRP,0.07745587131504766,3101.602202210224,2020-08-01,00372
XRP,USD,3374.7061809672264,1043.882271816036,2020-08-06,00373
BTC,XRP,0.0868278112141311,3337.1141917740497,2020-08-06,00374
GBP,LTC,734.6678300671643,14.599917131700405,2020-08-08,00375
MIOTA,CAD,2006.6283810910652,1077.9590606879963,2020-08-14,00376
XRP,CAD,2841.5546631612397,1135.3662959210315,2020-08-14,00377
USD,CAD,675.9708869640605,896.7308686208497,2020-08-14,00378
LTC,EOS,12.082140800616347,246.058216304911,2020-08-18,00379
LTC,XRP,7.3425840822265505,1758.2047040644047,2020-08-18,00380
USD,MIOTA,3532.384285460175,8929.313756182126,2020-08-18,00381
ETH,GBP,5.294451207477324,1693.641996759921,2020-08-18,00382
USD,ETH,970.5504767965641,2.379930480210084,2020-08-19,00383
CAD,MIOTA,1225.9395783713712,2516.4828066516657,2020-08-19,00384
GBP,CAD,767.4544140724244,1328.1566089937376,2020-08-19,00385
BTC,XRP,0.044476673044791096,1802.1438351896697,2020-08-19,00386
CAD,GBP,1686.4474091827678,974.4871196017381,2020-08-19,00387
GBP,EUR,321.45994227882596,356.5633679756737,2020-08-21,00388
LTC,EUR,11.60154694510501,568.8181271558547,2020-09-04,00389
BTC,EUR,0.021024615778455224,187.31564006575502,2020-09-04,00390
EUR,BTC,3170.9712280352655,0.35591503032301297,2020-09-04,00391
EUR,XRP,246.15927506175692,1130.0307429393617,2020-09-04,00392
GBP,CAD,815.3087427326178,1384.8018995313514,2020-09-15,00393
XRP,LTC,7655.17626121473,34.24161605169617,2020-09-15,00394
USD,ETH,466.9932349916472,1.2763385429279956,2020-09-15,00395
LTC,EUR,42.34544174615679,1841.437775554015,2020-09-28,00396
MIOTA,CAD,2406.3162739402414,867.5530563497135,2020-09-28,00397
ETH,XRP,1.402735370586443,2087.4287495022245,2020-09-30,00398
LTC,GBP,37.94198134567058,1546.5151596495325,2020-09-30,00399
BTC,MIOTA,0.09694067615537182,3695.2866713935464,2020-09-30,00400
LTC,GBP,10.369936283202657,422.6786029033403,2020-09-30,00401
ETH,EUR,2.4846972891630177,746.9007505315898,2020-10-05,00402
EOS,ETH,172.12731736735842,1.232002850314353,2020-10-05,00403
BTC,USD,0.24815936336204905,2682.7725842687682,2020-10-05,00404
CAD,ETH,926.3245005816691,1.855736360053778,2020-10-14,00405
GBP,LTC,1462.8195005508096,37.460166467370286,2020-10-14,00406
MIOTA,GBP,3560.2983467835297,751.2229511713248,2020-10-14,00407
XRP,GBP,5322.189632949975,1020.7959715998052,2020-10-14,00408
GBP,ETH,286.8973515584055,0.9566752861329337,2020-10-28,00409
MIOTA,EOS,2252.17128787207,228.0758451018349,2020-11-04,00410
CAD,BTC,7886.402433453845,0.4230020392346734,2020-11-04,00411
MIOTA,CAD,7465.250798852425,2337.5521772401858,2020-11-04,00412
EOS,ETH,114.20690956297155,0.665753828748245,2020-11-04,00413
EOS,XRP,1260.8341875959418,6116.316589258141,2020-12-07,00414
ETH,GBP,1.0445002824968728,463.25676529301296,2020-12-07,00415
MIOTA,USD,6527.54814934784,2066.6864973611678,2020-12-07,00416
BTC,EOS,0.0601392878672484,390.76683890219,2020-12-07,00417
XRP,EOS,6110.586626937827,645.0430267636852,2021-01-21,00418
CAD,ETH,1390.6160571925716,0.9869857510461139,2021-01-21,00419
LTC,XRP,8.029369671089382,4028.6489567118037,2021-01-26,00420
USD,XRP,648.8868650965438,2416.88953576845,2021-01-26,00421
EUR,LTC,3672.046696562035,33.14341277011581,2021-01-26,00422
ETH,EOS,0.3306277158348832,171.31541359217474,2021-01-26,00423
LTC,GBP,1.9823466082932197,322.3097350423946,2021-02-18,00424
EUR,ETH,1019.3337815813469,0.634121726813308,2021-02-18,00425
GBP,MIOTA,6452.212616505976,8033.133237681744,2021-02-28,00426
LTC,EOS,2.827641185839927,134.38384584769938,2021-02-28,00427
USD,CAD,1974.167265731164,2461.4212464547054,2021-03-15,00428
MIOTA,EOS,531.0931400355199,177.96448310644786,2021-03-15,00429
XRP,BTC,13533.6969153833,0.10619805830926173,2021-03-15,00430
LTC,BTC,30.155524979673608,0.11289964230813197,2021-04-05,00431
GBP,EOS,477.637990082493,97.10062819322891,2021-04-11,00432
BTC,LTC,0.19096486151937506,45.393210900016406,2021-04-11,00433
GBP,XRP,8649.911307164395,8747.003040918591,2021-04-11,00434
MIOTA,XRP,1694.557318232384,2625.2015487228355,2021-04-11,00435
EUR,XRP,2929.3580216384953,2252.971225589222,2021-04-16,00436
GBP,ETH,456.4350981413393,0.2595814815829268,2021-04-16,00437
USD,BTC,7991.408940610535,0.12977274589799778,2021-04-16,00438
LTC,XRP,11.574505839268053,2473.963351430229,2021-04-24,00439
ETH,LTC,3.278796668474473,32.284882606962235,2021-04-24,00440
CAD,ETH,5803.970233737,1.8450700157392843,2021-04-26,00441
ETH,BTC,1.6546238174560786,0.07761836748576212,2021-04-26,00442
EUR,GBP,9378.374630736467,8153.690341450589,2021-04-26,00443
EOS,LTC,972.1813845631821,23.03194602065258,2021-04-26,00444
LTC,USD,20.155137121599463,4995.991860709868,2021-04-26,00445
LTC,XRP,10.45681593578901,1992.8133391298627,2021-04-28,00446
EOS,BTC,1000.339353332456,0.10878726498819746,2021-04-28,00447
ETH,CAD,1.7190024796531485,5810.7862955154305,2021-04-28,00448
GBP,EUR,5260.432466833798,6043.184817898667,2021-04-28,00449
GBP,ETH,3620.0616425139333,1.836951343191437,2021-04-28,00450
GBP,BTC,1250.5459985014447,0.030401567902314144,2021-05-07,00451
LTC,BTC,7.579253683710563,0.044687905822726894,2021-05-08,00452
EOS,XRP,144.21085257449607,953.5862509348234,2021-05-08,00453
ETH,GBP,2.333344991692643,6558.659436449349,2021-05-08,00454
CAD,EUR,8066.106333091225,5484.535771464587,2021-05-24,00455
GBP,LTC,2203.652534627693,16.843633223478506,2021-05-24,00456
USD,LTC,1921.9085505205067,10.378043909263104,2021-05-24,00457
XRP,LTC,3343.5524036922234,17.920193728265588,2021-05-24,00458
USD,BTC,1181.4106056730166,0.030377853554608782,2021-05-24,00459
CAD,LTC,1406.9055168656935,6.310481745623623,2021-05-24,00460
ETH,GBP,3.514211172372149,6690.882361637953,2021-06-04,00461
USD,MIOTA,12547.441058255992,10042.985748310759,2021-06-04,00462
BTC,ETH,0.24515677107666797,3.3592317002806347,2021-06-04,00463
BTC,MIOTA,0.10629199254598018,3141.5142079241937,2021-06-04,00464
GBP,ETH,3936.6694251743356,2.0544254093666785,2021-06-06,00465
BTC,XRP,0.029159961347264323,1101.242913988281,2021-06-06,00466
XRP,MIOTA,4080.5043781160102,3118.7975511495856,2021-06-06,00467
XRP,LTC,615.0486047372135,3.3067129286946964,2021-06-06,00468
EOS,MIOTA,333.51360399984253,1570.5500311560004,2021-06-06,00469
BTC,GBP,0.19448596864466566,4736.970267258189,2021-07-07,00470
BTC,GBP,0.13946930462047935,3396.9645922860586,2021-07-07,00471
CAD,BTC,12182.282351751404,0.29045785738215635,2021-07-07,00472
EOS,XRP,505.6294629471346,2957.7210924484193,2021-07-07,00473
GBP,EUR,2427.6022529944144,2840.780156454063,2021-07-07,00474
USD,XRP,1391.7473592184754,2160.944030734568,2021-07-07,00475
LTC,XRP,6.236445418480839,1320.116655006904,2021-07-07,00476
MIOTA,LTC,946.9706874200889,5.12571499118349,2021-07-16,00477
USD,XRP,458.7559356332148,781.7594652136021,2021-07-16,00478
GBP,ETH,2775.316769435601,2.0463014240894823,2021-07-16,00479
EOS,CAD,2195.2077644848155,10013.84062359373,2021-07-16,00480
MIOTA,USD,13502.751501832667,7894.946190174036,2021-07-20,00481
EOS,LTC,166.56419856495233,4.773091841965901,2021-07-25,00482
BTC,GBP,0.12819335739414014,3295.288449764383,2021-07-25,00483
ETH,BTC,3.5041226122071705,0.2169396426984171,2021-07-25,00484
BTC,LTC,0.006013441376909973,1.7424384374184685,2021-07-30,00485
LTC,EOS,60.85379974555416,2191.836303552517,2021-07-30,00486
LTC,ETH,34.3016123040936,2.028458467030448,2021-07-30,00487
BTC,USD,0.126309874714885,5936.343042288529,2021-08-30,00488
MIOTA,LTC,5627.853461977034,32.35749642804328,2021-08-30,00489
LTC,EOS,37.90458473139253,1299.2042134116814,2021-08-30,00490
MIOTA,CAD,4955.111987729521,6006.255353635987,2021-08-30,00491
XRP,USD,4416.146496624875,4867.2707878302635,2021-08-30,00492
XRP,MIOTA,9716.787107306227,11132.892093339557,2021-08-30,00493
EOS,CAD,846.3966819419018,5206.027545165778,2021-08-30,00494
EUR,EOS,5497.525740767764,1349.6856961354717,2021-09-08,00495
EOS,EUR,745.0409083874351,3034.6928796182538,2021-09-08,00496
EOS,EUR,321.4483414343861,1309.3200412677909,2021-09-08,00497
EOS,GBP,759.1481111492643,2652.4635003555295,2021-09-09,00498
LTC,EUR,10.657256135841802,1631.1637305132806,2021-09-09,00499
GBP,EOS,2594.3747797280666,742.5228333509062,2021-09-09,00500
EOS,LTC,1802.2141141531386,49.17956626510918,2021-10-05,00501
ETH,MIOTA,1.8904481287549155,5412.349007435659,2021-10-05,00502
BTC,CAD,0.04018787218590415,2703.6170579373047,2021-10-07,00503
LTC,USD,15.26307187189598,2717.264202311189,2021-10-07,00504
EOS,LTC,1207.4774304103591,32.112582419587106,2021-10-07,00505
XRP,ETH,3816.265051653438,1.2004951169820888,2021-10-13,00506
BTC,GBP,0.049666150863809405,2082.3422773752554,2021-10-13,00507
USD,ETH,5923.788797512845,1.40755225085648,2021-10-25,00508
CAD,BTC,21318.396266612086,0.2737117833069878,2021-10-25,00509
CAD,EOS,7389.114708178759,1245.992693759776,2021-10-25,00510
CAD,GBP,1966.2654045831785,1153.5054585141256,2021-10-25,00511
MIOTA,CAD,10814.54021509782,16909.934974426513,2021-10-25,00512
XRP,USD,1806.7792250001717,2006.6828684199088,2021-10-26,00513
XRP,MIOTA,7103.952902173341,5794.044886244896,2021-10-26,00514
XRP,USD,1698.76343081242,1886.7161117093253,2021-10-26,00515
GBP,XRP,8001.278388359149,10143.608504512107,2021-10-30,00516
ETH,GBP,1.1932109042441639,3769.8663271961386,2021-10-30,00517
CAD,USD,2523.670047205502,2028.779981632214,2021-11-08,00518
CAD,XRP,12280.902074256239,7694.102833363423,2021-11-08,00519
BTC,USD,0.027099544713969453,1826.3399175568823,2021-11-08,00520
EUR,XRP,4277.6844992261495,5330.932839893002,2021-12-24,00521
LTC,MIOTA,55.32026588166944,6937.9464431778,2021-12-24,00522
CAD,GBP,2387.881505136284,1392.6755541445725,2021-12-24,00523
BTC,ETH,0.07906407398396455,0.9930183479007332,2021-12-24,00524
XRP,USD,1113.8516248810488,1028.9691694924572,2021-12-27,00525
EUR,MIOTA,3980.6412415862883,3183.8639944324054,2021-12-27,00526
GBP,ETH,2444.2257517652392,1.0385139879524976,2022-01-07,00527
USD,EUR,5163.089752859906,4543.594994143554,2022-01-07,00528
LTC,EUR,33.357119239974075,3230.145648025084,2022-01-24,00529
LTC,USD,17.762601820688428,1948.3263282798334,2022-01-24,00530
EUR,LTC,6430.2469098413485,66.40397563657693,2022-01-24,00531
GBP,EOS,7163.57696131388,4384.074027731873,2022-01-26,00532
GBP,ETH,3641.7320698171993,2.011462128935923,2022-01-26,00533
GBP,LTC,7057.464359210438,89.90400457592914,2022-01-26,00534
GBP,MIOTA,3661.2369295823737,6183.477334204314,2022-01-26,00535
GBP,XRP,3317.898591425602,7316.204170729001,2022-01-26,00536
EUR,GBP,11158.357336296876,9318.043704632048,2022-01-26,00537
USD,EUR,6767.437479645861,6020.359840930033,2022-01-26,00538
GBP,BTC,11885.14195407499,0.4330074899773713,2022-01-27,00539
USD,GBP,21522.06424611502,15877.583361206212,2022-02-10,00540
USD,EUR,8817.236965737955,7715.326274483061,2022-02-10,00541
GBP,CAD,10147.994532165125,17496.15737290589,2022-02-10,00542
EUR,GBP,16562.412626387086,13963.757378287739,2022-02-10,00543
USD,GBP,4695.670239453974,3464.1610029169865,2022-02-10,00544
CAD,USD,13936.646230938386,10872.057003780841,2022-04-27,00545
USD,CAD,6549.773267246336,8396.007571219106,2022-04-27,00546
GBP,CAD,5495.735171742475,8839.890023747772,2022-04-27,00547
CAD,EUR,12229.415484428593,9020.90600766495,2022-04-29,00548
CAD,USD,14724.730907202817,11453.78331999546,2022-04-29,00549
CAD,USD,15758.599453652612,12377.973842702862,2022-05-04,00550
EUR,USD,4537.062416944316,4820.461719358045,2022-05-04,00551
CAD,USD,6269.52093239325,4911.365330572296,2022-05-23,00552
GBP,CAD,17168.334265093108,27587.796330578116,2022-05-23,00553
CAD,USD,2754.2129338249642,2157.5724943050996,2022-05-23,00554
USD,EUR,10263.522720739746,9560.665150750545,2022-05-24,00555
USD,EUR,2749.02964660467,2560.773007065456,2022-05-24,00556
GBP,USD,7304.524415567992,9203.70076361567,2022-05-31,00557
GBP,CAD,6766.568718446994,10695.23851637732,2022-06-02,00558
GBP,CAD,5423.502305718061,8572.387744417967,2022-06-02,00559
USD,CAD,6216.318294984783,7812.907678954316,2022-06-02,00560
CAD,EUR,2314.2775629994917,1712.9402258339271,2022-06-02,00561
EUR,USD,3818.2496239719703,4104.479636812676,2022-06-02,00562
GBP,EUR,3514.712238124909,4133.6530632587055,2022-06-07,00563
GBP,CAD,2345.8288866337143,3699.372154221367,2022-06-07,00564
USD,GBP,36135.29620358071,28706.145697156582,2022-06-07,00565
GBP,CAD,2099.9803830278097,3249.509644697233,2022-07-12,00566
EUR,CAD,1356.3911801642348,1768.1589023377778,2022-07-26,00567
CAD,USD,16553.6594133123,12848.238200805552,2022-07-26,00568
GBP,USD,9547.360784401446,11480.701343242737,2022-07-26,00569
EUR,CAD,6636.362173389441,8662.549937839109,2022-08-03,00570
EUR,GBP,24139.81640914702,20412.494849608505,2022-08-09,00571
USD,EUR,8320.621456900755,8145.667992492412,2022-08-09,00572
CAD,USD,8407.03001117644,6523.021551481239,2022-08-09,00573
GBP,USD,9214.588663237026,10901.779847475726,2022-08-23,00574
EUR,CAD,3736.215919493757,4860.782446679955,2022-08-29,00575
USD,EUR,10073.835533792393,10074.696030549356,2022-08-29,00576
CAD,GBP,15990.935471647781,10481.735364215901,2022-08-31,00577
GBP,USD,6792.8666897697585,7894.669666850412,2022-08-31,00578
GBP,CAD,6015.864011072692,9354.066950816929,2022-10-18,00579
USD,CAD,5591.803929431953,7682.1840695120545,2022-10-18,00580
USD,EUR,8883.41198577659,9012.13433651589,2022-10-18,00581
CAD,GBP,18426.636186374515,11850.688910138604,2022-10-18,00582
EUR,GBP,5227.512104875977,4552.788804107277,2022-10-18,00583
GBP,USD,7864.669538982244,8901.232984220103,2022-10-18,00584
CAD,USD,12247.150222825343,8892.265429060635,2022-10-20,00585
USD,CAD,14689.237280853338,20231.21071593359,2022-10-20,00586
GBP,EUR,4054.581484271023,4657.092292833697,2022-10-20,00587
USD,CAD,4978.938888895593,6635.518992842884,2022-11-16,00588
USD,CAD,4703.572709083667,6268.533665868139,2022-11-16,00589
USD,CAD,2008.391353144156,2676.6183048704866,2022-11-16,00590
EUR,GBP,11016.769234043997,9625.83594062385,2022-11-17,00591
CAD,EUR,13724.706146519402,9866.143770654271,2022-11-25,00592
USD,EUR,7945.138589591712,7640.28914730522,2022-11-25,00593
EUR,GBP,5574.595027406091,4793.701115664365,2022-11-25,00594
CAD,GBP,6958.19926540186,4301.291503617395,2022-11-25,00595
USD,GBP,4917.479156175074,4019.8472624663405,2022-12-08,00596
EUR,USD,20945.41484668587,22115.075075048182,2022-12-08,00597
USD,GBP,2325.4483650661305,1915.5258361335507,2022-12-16,00598
CAD,USD,9237.430690135152,6742.569058335784,2022-12-16,00599
CAD,USD,13195.87210555119,9631.90760951127,2022-12-16,00600
USD,EUR,8423.871674714632,7957.574988931417,2022-12-16,00601
USD,GBP,2614.3828753131334,2195.8532465253934,2023-01-05,00602
CAD,USD,11126.022256464821,8199.71655744167,2023-01-05,00603
GBP,CAD,11830.542897207975,19112.242050439483,2023-01-05,00604
GBP,USD,4236.398509973809,5222.632083095711,2023-01-24,00605
EUR,GBP,7512.9850432517605,6630.469546599383,2023-01-24,00606
EUR,USD,3798.347757014075,4132.559451810918,2023-01-24,00607
EUR,CAD,7072.537003292339,10289.539537487795,2023-01-24,00608
GBP,USD,4054.4933032112976,4998.379344198887,2023-01-24,00609
CAD,EUR,31843.515105061626,22236.8942439869,2023-02-14,00610
USD,GBP,9326.860755598102,7663.813274936813,2023-02-14,00611
EUR,USD,3938.1980932467513,4229.0541599587905,2023-02-14,00612
EUR,GBP,3446.8138805704752,3041.3958180274203,2023-02-14,00613
GBP,CAD,12217.190316926903,19827.27816534067,2023-02-14,00614
GBP,USD,2556.6388341237257,3111.4294611285745,2023-02-14,00615
USD,CAD,12058.893040234963,16080.836084632143,2023-02-14,00616
USD,CAD,5818.319530007189,7758.874909818132,2023-02-14,00617
CAD,EUR,10139.513666065834,7080.603141137723,2023-02-14,00618
USD,EUR,12146.757424187694,11311.355948095244,2023-02-14,00619
USD,CAD,10468.400166239677,14080.772179078987,2023-02-20,00620
USD,CAD,3761.556508611593,5059.571605535713,2023-02-20,00621
USD,EUR,3616.385005774338,3384.1649019810534,2023-02-20,00622
CAD,GBP,7580.565054343709,4681.6730819810455,2023-02-20,00623
CAD,EUR,2895.884474989371,2010.352927030914,2023-02-27,00624
CAD,GBP,6957.631813481592,4249.194951436175,2023-02-27,00625
EUR,GBP,4542.143703472054,3995.903671568623,2023-02-27,00626
CAD,EUR,3381.9575852641838,2301.4134422741204,2023-04-11,00627
EUR,CAD,8881.928511908238,13052.111780897661,2023-04-11,00628
GBP,CAD,5088.951368819893,8511.780059488154,2023-04-11,00629
CAD,USD,17397.249599555373,12922.601280932435,2023-04-11,00630
GBP,CAD,5022.096426184655,8529.026360589398,2023-04-27,00631
EUR,USD,9521.470402688396,10494.71276532527,2023-04-27,00632
USD,GBP,8349.082339794788,6686.2195401575955,2023-04-27,00633
GBP,USD,10655.303614665721,13280.770425319355,2023-05-02,00634
GBP,USD,5460.625142936914,6806.123178156569,2023-05-02,00635
CAD,GBP,14314.761820970853,8429.869749114217,2023-05-02,00636
GBP,EUR,11037.491129838734,12502.166202768336,2023-05-02,00637
CAD,EUR,4867.991658351441,3384.7458890863318,2023-06-12,00638
EUR,GBP,13679.935273557316,11763.638553235287,2023-06-12,00639
EUR,GBP,10165.53922212608,8699.648457104047,2023-06-14,00640
USD,GBP,5475.708005631432,4324.862179631492,2023-06-14,00641
GBP,EUR,9618.336702706585,11239.026437112647,2023-06-14,00642
EUR,CAD,6627.069513766211,9566.00611798842,2023-06-14,00643
USD,EUR,15039.590966033242,13806.701831692386,2023-06-23,00644
CAD,GBP,9203.347218974051,5493.2238384708435,2023-06-23,00645
GBP,USD,12184.078334214995,15487.18197062068,2023-06-23,00646
EUR,GBP,6273.878655227615,5376.534968915601,2023-06-23,00647
CAD,EUR,12935.586127680499,8947.177864755571,2023-07-03,00648
EUR,GBP,3906.061864132839,3359.475242223135,2023-07-03,00649
USD,GBP,4882.760762583974,3847.4200319785473,2023-07-03,00650
GBP,EUR,7573.04006068431,8805.173678557649,2023-07-03,00651
EUR,CAD,13859.030789393504,20113.72851159083,2023-07-27,00652
CAD,USD,16546.580620256,12514.360382792494,2023-07-27,00653
CAD,GBP,9255.722121232002,5471.9019339237375,2023-07-27,00654
USD,EUR,12330.315338406295,11200.872342374241,2023-08-07,00655
CAD,USD,13500.484150544642,10100.081307383116,2023-08-07,00656
USD,GBP,5116.0868746442,4001.945302443836,2023-08-07,00657
CAD,USD,9314.834445333057,6901.507259204773,2023-08-15,00658
USD,GBP,2532.3658744934455,1993.5179677977214,2023-08-15,00659
EUR,CAD,21284.2332553352,31328.827194601818,2023-08-15,00660
USD,CAD,8403.45363960976,11341.98320484211,2023-08-15,00661
GBP,CAD,5301.990345960046,9090.2624481485,2023-08-15,00662
USD,EUR,12907.733301929446,11835.72994575094,2023-08-15,00663
EUR,GBP,3196.2484999225117,2744.03202259831,2023-08-15,00664
CAD,GBP,5235.658924618021,3053.752653612144,2023-08-15,00665
CAD,USD,26182.44123762933,19348.73589776498,2023-08-16,00666
CAD,USD,11089.064833151211,8194.781566108202,2023-08-16,00667
GBP,EUR,8509.485706118154,9956.098276158238,2023-08-16,00668
USD,CAD,22879.66532221932,30960.445995070415,2023-08-16,00669
EUR,CAD,6015.7947986302515,8838.571069058804,2023-08-23,00670
USD,CAD,7793.633562941694,10545.733604706998,2023-08-30,00671
GBP,CAD,3313.425102954438,5702.073259674292,2023-08-30,00672
EUR,USD,12202.780973400351,13335.192337146047,2023-08-30,00673
CAD,USD,10798.720424156201,7980.598893277853,2023-08-30,00674
EUR,CAD,6293.133502679659,9305.596704555272,2023-08-30,00675
EUR,USD,8519.721368568256,9163.453223503586,2023-09-12,00676
GBP,EUR,17947.50090066161,20831.66429539793,2023-09-12,00677
USD,GBP,11754.824339533508,9415.911838780446,2023-09-12,00678
EUR,USD,7116.585823972911,7654.299769662946,2023-09-12,00679
USD,GBP,13968.709669255804,11189.29002663874,2023-09-12,00680
CAD,USD,20003.14405103924,14759.693263973864,2023-09-12,00681
EUR,USD,6984.221136425015,7511.933890508304,2023-09-12,00682
EUR,USD,3411.1162775877788,3640.2676803951485,2023-10-23,00683
GBP,EUR,16103.840149598189,18482.37733969384,2023-10-23,00684
GBP,CAD,8875.999733031991,14881.501152401437,2023-10-23,00685
CAD,USD,4291.862501845629,3135.317423512183,2023-10-23,00686
GBP,EUR,10392.785230325399,11904.935481337743,2023-11-09,00687
CAD,EUR,4995.941149691355,3391.921874686728,2023-11-09,00688
CAD,EUR,4174.700257904218,2834.352267324136,2023-11-09,00689
USD,EUR,2824.6443790345156,2643.4529870231377,2023-11-10,00690
GBP,USD,1167.4135826463057,1426.8128807103149,2023-11-10,00691
CAD,GBP,27395.932648778202,16010.713955220737,2023-11-14,00692
GBP,EUR,2104.554060575144,2417.2907939766105,2023-11-14,00693
USD,EUR,1199.5685556184976,1102.5241601851696,2023-11-14,00694
CAD,USD,2249.4912824321423,1642.9134800160414,2023-11-14,00695
USD,GBP,9575.56214778009,7711.034101932751,2023-11-15,00696
CAD,GBP,15436.829517059323,9090.648087308948,2023-11-15,00697
USD,CAD,12098.481261474159,16544.073949194128,2023-11-15,00698
EUR,GBP,9762.662837358776,8532.304524872203,2023-11-15,00699
USD,EUR,3097.9899772169933,2854.50163627934,2023-11-15,00700
CAD,GBP,5361.824878778854,3136.6706907563203,2023-11-17,00701
GBP,USD,8971.809277803068,11179.771541070402,2023-11-17,00702
EUR,GBP,4295.9809550295895,3761.475313045784,2023-11-17,00703
CAD,EUR,6124.107244954432,4078.455570823966,2023-11-20,00704
USD,EUR,2899.947730741717,2650.4000853260027,2023-11-20,00705
GBP,CAD,45120.345509155435,77634.06648305284,2023-11-27,00706
GBP,EUR,5303.949493795752,6114.9233713971225,2023-11-27,00707
GBP,USD,16355.236941681283,20653.393209955124,2023-11-27,00708
